video,matcher,frame_start,frame_end,rotation_error_deg,translation_error_deg,num_matches,num_inliers,mean_reprojection_error_px
cecum_t1_a,ensemble_topfrac0.7_thresh5,0,1,2.356931833407017,26.46859352691846,17,17,94.96634680647813
cecum_t1_a,ensemble_topfrac0.7_thresh5,1,2,2.642758849418846,27.73285391175334,91,91,19.96182132762577
cecum_t1_a,ensemble_topfrac0.7_thresh5,2,3,1.1033410094304938,69.7583682621669,206,206,24.205279434099634
cecum_t1_a,ensemble_topfrac0.7_thresh5,3,4,3.183576625756396,60.5431901212246,241,241,20.92086688292871
cecum_t1_a,ensemble_topfrac0.7_thresh5,4,5,2.493904007731982,64.4938788114483,243,243,23.25575460033033
cecum_t1_a,ensemble_topfrac0.7_thresh5,5,6,0.33495150702572435,60.2382850107901,337,337,11.201126717529622
cecum_t1_a,ensemble_topfrac0.7_thresh5,6,8,25.37572757895883,32.64519883080992,15,15,127.31753553039894
cecum_t1_a,ensemble_topfrac0.7_thresh5,8,9,1.4674856024466572,58.55343189733456,97,97,49.13114379911401
