video,matcher,frame_start,frame_end,rotation_error_deg,translation_error_deg,num_matches,num_inliers,mean_reprojection_error_px
trans_t3_a,ensemble_topfrac0.2_thresh3,0,1,0.13109233046776614,7.328742964386573,64,64,58.7333523463837
trans_t3_a,ensemble_topfrac0.2_thresh3,1,2,0.14871992420182042,9.08975175143785,202,202,22.34704770242652
trans_t3_a,ensemble_topfrac0.2_thresh3,2,3,0.19784680182457834,69.90484809866936,527,527,19.55157244984305
trans_t3_a,ensemble_topfrac0.2_thresh3,3,5,0.12013903402436456,56.658418574366976,270,270,6.297963258938995
trans_t3_a,ensemble_topfrac0.2_thresh3,5,6,0.1517852608504529,78.12213617159603,334,334,7.246127163802604
trans_t3_a,ensemble_topfrac0.2_thresh3,6,7,0.3316764347894233,82.35290690762523,403,403,10.633307994161761
trans_t3_a,ensemble_topfrac0.2_thresh3,7,8,0.34725774879386745,80.6734494784242,484,484,14.397242321680544
