video,matcher,frame_start,frame_end,rotation_error_deg,translation_error_deg,num_matches,num_inliers,mean_reprojection_error_px
trans_t3_b,ensemble_topfrac0.5_thresh3,0,1,0.19178582173530634,70.40913319686234,201,201,36.48803995404564
trans_t3_b,ensemble_topfrac0.5_thresh3,1,2,0.20888097250012533,43.796719684164096,875,875,22.52806282080401
trans_t3_b,ensemble_topfrac0.5_thresh3,2,3,0.13713592811257086,29.40397952434012,733,733,6.8303907158638495
trans_t3_b,ensemble_topfrac0.5_thresh3,3,4,0.10687031731176526,34.100933284622506,583,583,4.172013016304349
trans_t3_b,ensemble_topfrac0.5_thresh3,4,5,0.1506867511307113,30.652002096865147,660,660,5.809788658764681
trans_t3_b,ensemble_topfrac0.5_thresh3,5,6,0.1379214372734121,20.84155196321263,782,782,14.496953167241479
trans_t3_b,ensemble_topfrac0.5_thresh3,6,7,0.0,28.39177251556256,1050,1050,17.760920294676236
