video,matcher,frame_start,frame_end,rotation_error_deg,translation_error_deg,num_matches,num_inliers,mean_reprojection_error_px
cecum_t1_a,ensemble_topfrac0.2_thresh5,0,2,69.23819162661302,78.02621760970875,7,7,1379.461302794611
cecum_t1_a,ensemble_topfrac0.2_thresh5,2,3,3.4531253831438073,76.96430964964397,60,60,33.31597841359597
cecum_t1_a,ensemble_topfrac0.2_thresh5,3,4,2.6188149400587837,56.08152737729845,72,72,26.944587423545777
cecum_t1_a,ensemble_topfrac0.2_thresh5,4,5,2.573531012027405,61.9550549165613,71,71,23.713249984335274
cecum_t1_a,ensemble_topfrac0.2_thresh5,5,6,0.18888126570936242,65.25204692328498,101,101,13.668722757883556
cecum_t1_a,ensemble_topfrac0.2_thresh5,6,9,19.724543668278827,33.428964154079246,12,12,120.96242339963317
