video,matcher,frame_start,frame_end,rotation_error_deg,translation_error_deg,num_matches,num_inliers,mean_reprojection_error_px
trans_t2_c,ensemble_topfrac0.7_thresh5,0,1,0.35510693862581694,43.99727285435683,273,273,28.206432153774404
trans_t2_c,ensemble_topfrac0.7_thresh5,1,2,1.633974237814548,71.14538702392237,561,561,6.86126837530537
trans_t2_c,ensemble_topfrac0.7_thresh5,2,3,0.14985418876443066,84.51161707520208,670,670,3.9515314028317348
trans_t2_c,ensemble_topfrac0.7_thresh5,3,4,1.0054147436047969,71.81172134199753,412,412,11.570383133559654
trans_t2_c,ensemble_topfrac0.7_thresh5,4,5,0.27447132446422756,78.5240912460344,415,415,17.605627283918086
trans_t2_c,ensemble_topfrac0.7_thresh5,5,6,0.3191997451765478,64.82159794937326,458,458,5.6485389411387175
trans_t2_c,ensemble_topfrac0.7_thresh5,6,7,0.17810623859812683,68.57297763930872,766,766,9.638469695274141
