video,matcher,frame_start,frame_end,rotation_error_deg,translation_error_deg,num_matches,num_inliers,mean_reprojection_error_px
cecum_t1_a,ensemble_topfrac0.3_thresh3,0,1,17.71557042152948,43.818349711991296,6,6,228.35391733962248
cecum_t1_a,ensemble_topfrac0.3_thresh3,1,2,2.895680042631561,30.650302285176288,40,40,20.634349746859705
cecum_t1_a,ensemble_topfrac0.3_thresh3,2,3,0.8983147469373137,74.10798891646515,94,94,28.92609070182639
cecum_t1_a,ensemble_topfrac0.3_thresh3,3,4,3.2250302886134965,61.28872047892741,114,114,24.46438575149627
cecum_t1_a,ensemble_topfrac0.3_thresh3,4,5,2.5228605275814195,63.4791319007963,113,113,23.564943654365432
cecum_t1_a,ensemble_topfrac0.3_thresh3,5,6,0.15605039917438732,64.15387282870253,156,156,13.257148347793045
cecum_t1_a,ensemble_topfrac0.3_thresh3,6,8,68.82985169234614,16.28125175621482,6,6,12115.267555921562
cecum_t1_a,ensemble_topfrac0.3_thresh3,8,9,1.1775370588508294,56.763597341724335,42,42,45.85899157505672
