video,matcher,frame_start,frame_end,rotation_error_deg,translation_error_deg,num_matches,num_inliers,mean_reprojection_error_px
cecum_t1_a,ensemble_topfrac0.3_thresh5,0,1,17.71557042152948,43.818349711991296,6,6,228.35391733962248
cecum_t1_a,ensemble_topfrac0.3_thresh5,1,2,2.895680042631561,30.650302285176288,40,40,20.634349746859705
cecum_t1_a,ensemble_topfrac0.3_thresh5,2,3,0.8573396460223413,73.11301037354859,91,91,28.531950660487222
cecum_t1_a,ensemble_topfrac0.3_thresh5,3,4,3.2013569360801344,60.44938676064607,111,111,25.212724086714577
cecum_t1_a,ensemble_topfrac0.3_thresh5,4,5,2.527173051773139,63.4210026277658,107,107,23.701542788051245
cecum_t1_a,ensemble_topfrac0.3_thresh5,5,6,0.1628998352689456,64.00362169028034,152,152,13.206799773326173
cecum_t1_a,ensemble_topfrac0.3_thresh5,6,8,68.82985169234614,16.28125175621482,6,6,12115.267555921562
cecum_t1_a,ensemble_topfrac0.3_thresh5,8,9,1.1482473821230248,56.71136750303808,41,41,45.80920444162172
