video,matcher,frame_start,frame_end,rotation_error_deg,translation_error_deg,num_matches,num_inliers,mean_reprojection_error_px
trans_t3_a,ensemble_topfrac0.5_thresh5,0,1,0.0518039222295961,7.031998456063292,157,157,61.326252278529594
trans_t3_a,ensemble_topfrac0.5_thresh5,1,2,0.16730849437564077,8.527538756223889,491,491,20.91039271982487
trans_t3_a,ensemble_topfrac0.5_thresh5,2,3,0.06435501828255834,77.96226323228261,1213,1213,21.537763747495706
trans_t3_a,ensemble_topfrac0.5_thresh5,3,5,0.15106749975404793,58.36469954218005,654,654,7.552122264458031
trans_t3_a,ensemble_topfrac0.5_thresh5,5,6,0.15259719053330842,78.82173943589875,793,793,7.339087168391239
trans_t3_a,ensemble_topfrac0.5_thresh5,6,7,0.31938012746938477,83.01862605429697,940,940,11.082225055720397
trans_t3_a,ensemble_topfrac0.5_thresh5,7,8,0.42272513051418514,72.22323594846657,1094,1094,12.358986311935945
