video,matcher,frame_start,frame_end,rotation_error_deg,translation_error_deg,num_matches,num_inliers,mean_reprojection_error_px
cecum_t1_a,ensemble_topfrac0.5_thresh3,0,1,2.3043706784708498,26.276636490742003,12,12,98.23944093367128
cecum_t1_a,ensemble_topfrac0.5_thresh3,1,2,2.654159463472497,27.87820023375056,68,68,19.70403055768021
cecum_t1_a,ensemble_topfrac0.5_thresh3,2,3,0.9040936482253389,69.25797986252267,160,160,25.110353264043205
cecum_t1_a,ensemble_topfrac0.5_thresh3,3,4,2.881415988004833,57.72321814289623,191,191,23.040745132707105
cecum_t1_a,ensemble_topfrac0.5_thresh3,4,5,2.42439676596387,64.38766345392632,188,188,24.163771544653162
cecum_t1_a,ensemble_topfrac0.5_thresh3,5,6,0.2459022955128582,62.1905930861573,260,260,12.235580214348856
cecum_t1_a,ensemble_topfrac0.5_thresh3,6,8,24.002658390786337,31.809399178802963,11,11,97.21236190882146
cecum_t1_a,ensemble_topfrac0.5_thresh3,8,9,1.3635453363638064,59.618684881893486,72,72,47.189785631409045
