video,matcher,frame_start,frame_end,rotation_error_deg,translation_error_deg,num_matches,num_inliers,mean_reprojection_error_px
trans_t3_a,ensemble_topfrac0.7_thresh1,0,1,0.13808671088123556,6.23970232947353,225,225,59.21205005172986
trans_t3_a,ensemble_topfrac0.7_thresh1,1,2,0.14885859869105786,8.741505392090975,707,707,20.624218168696153
trans_t3_a,ensemble_topfrac0.7_thresh1,2,3,0.07548476114286667,72.48328189394624,1873,1873,24.126836105500313
trans_t3_a,ensemble_topfrac0.7_thresh1,3,5,0.1534322853669669,58.348575838879896,951,951,7.898290548481984
trans_t3_a,ensemble_topfrac0.7_thresh1,5,6,0.17333976240730067,79.3231880147786,1193,1193,7.851099176308361
trans_t3_a,ensemble_topfrac0.7_thresh1,6,7,0.193487034253596,87.55313471752581,1420,1420,12.282857073641244
trans_t3_a,ensemble_topfrac0.7_thresh1,7,8,0.1373035336762406,74.04069602059434,1713,1713,16.921806842556183
