video,matcher,frame_start,frame_end,rotation_error_deg,translation_error_deg,num_matches,num_inliers,mean_reprojection_error_px
trans_t2_a,ensemble_topfrac0.7_thresh5,0,1,0.0898183892343427,68.5321080576691,86,86,41.54880892478948
trans_t2_a,ensemble_topfrac0.7_thresh5,1,2,35.9392330785047,65.81710474276254,22,22,472.70449580848236
trans_t2_a,ensemble_topfrac0.7_thresh5,2,3,0.17893454694951566,59.12920575329337,180,180,37.83521952551425
trans_t2_a,ensemble_topfrac0.7_thresh5,3,4,0.0,30.520399594181317,1666,1666,26.99614062244182
trans_t2_a,ensemble_topfrac0.7_thresh5,4,5,0.06842566948221239,51.211038822623124,1715,1715,28.057088430381626
trans_t2_a,ensemble_topfrac0.7_thresh5,5,6,0.0629393768447213,79.30343827261481,1722,1722,28.30535942929109
