video,matcher,frame_start,frame_end,rotation_error_deg,translation_error_deg,num_matches,num_inliers,mean_reprojection_error_px
trans_t2_a,ensemble_topfrac0.2_thresh1,0,1,0.4167716299753911,68.09937276539245,27,27,46.85859525514707
trans_t2_a,ensemble_topfrac0.2_thresh1,1,2,58.13284328792614,29.191821381196913,6,6,929.9778632576858
trans_t2_a,ensemble_topfrac0.2_thresh1,2,3,0.2525450069942009,59.513459667581486,54,54,36.47701481767124
trans_t2_a,ensemble_topfrac0.2_thresh1,3,4,0.0,34.43427921865526,547,547,29.537892447781022
trans_t2_a,ensemble_topfrac0.2_thresh1,4,5,0.07278505609691129,61.742291439039356,562,562,33.41606451642164
trans_t2_a,ensemble_topfrac0.2_thresh1,5,6,0.05740046014006087,76.54258154290078,566,566,34.00243420662011
