video,matcher,frame_start,frame_end,rotation_error_deg,translation_error_deg,num_matches,num_inliers,mean_reprojection_error_px
trans_t2_a,ensemble_topfrac0.7_thresh1,0,1,0.09468556285206095,68.31839969824051,96,96,40.51308087240265
trans_t2_a,ensemble_topfrac0.7_thresh1,1,2,38.98681998051454,69.85562964675482,23,23,534.1083511384468
trans_t2_a,ensemble_topfrac0.7_thresh1,2,3,0.16276781396215945,58.685837214772185,192,192,35.86059188989237
trans_t2_a,ensemble_topfrac0.7_thresh1,3,4,0.0,30.023094198405104,1912,1912,27.276154251935736
trans_t2_a,ensemble_topfrac0.7_thresh1,4,5,0.06868247232927159,40.86137762670126,1969,1969,22.020023901442443
trans_t2_a,ensemble_topfrac0.7_thresh1,5,6,0.06131490217862137,79.14544295549638,1975,1975,31.527375235189382
