video,matcher,frame_start,frame_end,rotation_error_deg,translation_error_deg,num_matches,num_inliers,mean_reprojection_error_px
trans_t3_b,ensemble_topfrac0.3_thresh3,0,1,0.17568567286008427,70.36909700556741,118,118,27.80416318514319
trans_t3_b,ensemble_topfrac0.3_thresh3,1,2,0.2160364422380124,58.68053890798661,527,527,25.215593531484597
trans_t3_b,ensemble_topfrac0.3_thresh3,2,3,0.12495475283681567,28.640179920635838,443,443,7.4571254459672245
trans_t3_b,ensemble_topfrac0.3_thresh3,3,4,0.14397295154220668,34.79304226873299,352,352,4.4192785273261865
trans_t3_b,ensemble_topfrac0.3_thresh3,4,5,0.15715143195291129,30.82013533159914,395,395,6.4402378459593095
trans_t3_b,ensemble_topfrac0.3_thresh3,5,6,0.14154887615006156,20.860552077740675,469,469,15.820576221826869
trans_t3_b,ensemble_topfrac0.3_thresh3,6,7,0.0,29.296731596709172,633,633,17.332052469602967
