video,matcher,frame_start,frame_end,rotation_error_deg,translation_error_deg,num_matches,num_inliers,mean_reprojection_error_px
trans_t2_b,ensemble_topfrac0.5_thresh5,0,1,0.4625374994269578,89.9917151848563,175,175,48.766000024061356
trans_t2_b,ensemble_topfrac0.5_thresh5,1,2,1.0857395806274672,80.72451722620104,27,27,51.92977473037762
trans_t2_b,ensemble_topfrac0.5_thresh5,2,3,10.376895024797303,52.234220062963466,43,43,127.85484820132149
