video,matcher,frame_start,frame_end,rotation_error_deg,translation_error_deg,num_matches,num_inliers,mean_reprojection_error_px
trans_t3_a,ensemble_topfrac0.3_thresh1,0,1,0.17315287958751255,7.705747043697315,96,96,58.45966832469222
trans_t3_a,ensemble_topfrac0.3_thresh1,1,2,0.16720766559909614,9.593427281123951,304,304,21.62038410205704
trans_t3_a,ensemble_topfrac0.3_thresh1,2,3,0.20367004797485547,68.86542942261397,804,804,20.269888803235343
trans_t3_a,ensemble_topfrac0.3_thresh1,3,5,0.09566238837180224,57.064191361563275,408,408,6.8456525722276105
trans_t3_a,ensemble_topfrac0.3_thresh1,5,6,0.14941785778742966,78.74627575249694,510,510,7.514788980848458
trans_t3_a,ensemble_topfrac0.3_thresh1,6,7,0.33044643214734437,82.45845660157362,609,609,10.853552028919388
trans_t3_a,ensemble_topfrac0.3_thresh1,7,8,0.13479561883095004,74.6438826082334,734,734,16.22035498888531
