video,matcher,frame_start,frame_end,rotation_error_deg,translation_error_deg,num_matches,num_inliers,mean_reprojection_error_px
trans_t3_b,ensemble_topfrac0.2_thresh5,0,1,0.1555833796356624,70.16332649909258,76,76,23.731698311195384
trans_t3_b,ensemble_topfrac0.2_thresh5,1,2,0.23231563410452893,34.33180889622793,342,342,20.925493106075102
trans_t3_b,ensemble_topfrac0.2_thresh5,2,3,0.1117286480878472,25.873891738950732,292,292,8.25956594395054
trans_t3_b,ensemble_topfrac0.2_thresh5,3,4,0.1493643781467308,34.59519361757106,232,232,5.109616285096412
trans_t3_b,ensemble_topfrac0.2_thresh5,4,5,0.13583323923921492,29.23461770207285,260,260,7.472162135159147
trans_t3_b,ensemble_topfrac0.2_thresh5,5,6,0.14682550445363943,21.409833072931438,309,309,17.637497407362364
trans_t3_b,ensemble_topfrac0.2_thresh5,6,7,0.0,39.025086012901745,407,407,18.857527217644506
