video,matcher,frame_start,frame_end,rotation_error_deg,translation_error_deg,num_matches,num_inliers,mean_reprojection_error_px
trans_t3_a,ensemble_topfrac0.3_thresh3,0,1,0.1678330816891463,7.673458115984131,95,95,59.04501096227256
trans_t3_a,ensemble_topfrac0.3_thresh3,1,2,0.1667713177213353,9.585634806602624,303,303,21.62908106887214
trans_t3_a,ensemble_topfrac0.3_thresh3,2,3,0.0784971493815848,72.51465101440691,781,781,24.33875115176834
trans_t3_a,ensemble_topfrac0.3_thresh3,3,5,0.09501005814543816,57.035352771007666,406,406,6.799733137248315
trans_t3_a,ensemble_topfrac0.3_thresh3,5,6,0.15266400084423645,78.78365717871807,505,505,7.483314017464178
trans_t3_a,ensemble_topfrac0.3_thresh3,6,7,0.32928721311041037,82.51053357003843,606,606,10.82807665249777
trans_t3_a,ensemble_topfrac0.3_thresh3,7,8,0.46970372614230377,71.2712529730993,728,728,17.100368420159068
