video,matcher,frame_start,frame_end,rotation_error_deg,translation_error_deg,num_matches,num_inliers,mean_reprojection_error_px
trans_t3_a,ensemble_topfrac0.7_thresh3,0,1,0.13944238038317458,6.256009814973507,224,224,59.43703126552066
trans_t3_a,ensemble_topfrac0.7_thresh3,1,2,0.14776746712344666,8.730371053786952,698,698,20.609127761798362
trans_t3_a,ensemble_topfrac0.7_thresh3,2,3,0.06501541481204101,77.82739811074273,1805,1805,16.07227969437347
trans_t3_a,ensemble_topfrac0.7_thresh3,3,5,0.15225676031200158,58.30815100110378,933,933,7.892457216480575
trans_t3_a,ensemble_topfrac0.7_thresh3,5,6,0.1747958950008981,79.36196428990036,1167,1167,7.79620377959111
trans_t3_a,ensemble_topfrac0.7_thresh3,6,7,0.19044197275211058,87.67333919914076,1371,1371,12.219186448064367
trans_t3_a,ensemble_topfrac0.7_thresh3,7,8,0.14007410725938235,73.77915908621911,1645,1645,16.822649923087216
