video,matcher,frame_start,frame_end,rotation_error_deg,translation_error_deg,num_matches,num_inliers,mean_reprojection_error_px
trans_t2_c,ensemble_topfrac0.7_thresh3,0,1,0.7283976864426515,41.4782478392711,282,282,30.971838688075156
trans_t2_c,ensemble_topfrac0.7_thresh3,1,2,0.3981750281440725,33.81730187739173,609,609,4.158996052437011
trans_t2_c,ensemble_topfrac0.7_thresh3,2,3,0.12631196625907493,82.81636477019912,739,739,3.998269739073608
trans_t2_c,ensemble_topfrac0.7_thresh3,3,4,0.9965720048269044,71.87859069332144,425,425,11.593922896077228
trans_t2_c,ensemble_topfrac0.7_thresh3,4,5,0.5098493470891338,80.42618336159126,432,432,18.59005976012257
trans_t2_c,ensemble_topfrac0.7_thresh3,5,6,0.3150631862489144,65.01963419469094,495,495,5.6390534664675895
trans_t2_c,ensemble_topfrac0.7_thresh3,6,7,0.1751336775951911,77.177786085802,891,891,10.937737970666022
