video,matcher,frame_start,frame_end,rotation_error_deg,translation_error_deg,num_matches,num_inliers,mean_reprojection_error_px
trans_t2_a,ensemble_topfrac0.5_thresh3,0,1,0.4875938768011193,66.45132845333502,68,68,38.84142275373554
trans_t2_a,ensemble_topfrac0.5_thresh3,1,2,19.37146411900635,86.85517847751366,17,17,195.12695619127726
trans_t2_a,ensemble_topfrac0.5_thresh3,2,3,0.1996081707268876,59.39766839855316,138,138,36.402829237546044
trans_t2_a,ensemble_topfrac0.5_thresh3,3,4,0.0,32.413662863090906,1326,1326,29.110518974344448
trans_t2_a,ensemble_topfrac0.5_thresh3,4,5,0.0671587250039536,53.865644961799596,1371,1371,33.10187455081481
trans_t2_a,ensemble_topfrac0.5_thresh3,5,6,0.060214146625634485,80.03657665046934,1379,1379,32.48663861191281
