video,matcher,frame_start,frame_end,rotation_error_deg,translation_error_deg,num_matches,num_inliers,mean_reprojection_error_px
trans_t3_b,ensemble_topfrac0.5_thresh5,0,1,0.19850432830673853,70.32078184562131,191,191,36.04671152406804
trans_t3_b,ensemble_topfrac0.5_thresh5,1,2,0.20655968416134698,44.368980830287576,814,814,23.024454138596873
trans_t3_b,ensemble_topfrac0.5_thresh5,2,3,0.14122666295565683,29.511389657795583,701,701,6.9141673810327156
trans_t3_b,ensemble_topfrac0.5_thresh5,3,4,0.10632053587776177,34.19188782948571,552,552,4.1397963636373145
trans_t3_b,ensemble_topfrac0.5_thresh5,4,5,0.1512530537587848,30.652718328170444,620,620,5.925201442607585
trans_t3_b,ensemble_topfrac0.5_thresh5,5,6,0.1364531058480075,20.84338315320414,730,730,14.088106684749885
trans_t3_b,ensemble_topfrac0.5_thresh5,6,7,0.0,29.178869714788448,955,955,17.145403795572122
