video,matcher,frame_start,frame_end,rotation_error_deg,translation_error_deg,num_matches,num_inliers,mean_reprojection_error_px
trans_t2_a,ensemble_topfrac0.3_thresh1,0,1,0.19855769425075812,67.98396596017318,41,41,42.820029240817064
trans_t2_a,ensemble_topfrac0.3_thresh1,1,2,62.514104068281114,26.352950198531136,9,9,1051.19493031681
trans_t2_a,ensemble_topfrac0.3_thresh1,2,3,0.22990590960465265,59.44064728656044,81,81,37.6537448090053
trans_t2_a,ensemble_topfrac0.3_thresh1,3,4,0.0,34.48235933912734,819,819,28.890013941088792
trans_t2_a,ensemble_topfrac0.3_thresh1,5,6,0.05815830973031862,81.4117729727026,848,848,33.040863794402476
