video,matcher,frame_start,frame_end,rotation_error_deg,translation_error_deg,num_matches,num_inliers,mean_reprojection_error_px
trans_t3_a,ensemble_topfrac0.3_thresh5,0,1,0.1695853597706475,7.691169036043281,94,94,59.36516065252668
trans_t3_a,ensemble_topfrac0.3_thresh5,1,2,0.16868954978082973,9.61213248857347,297,297,21.632462885467998
trans_t3_a,ensemble_topfrac0.3_thresh5,2,3,0.07984339612330171,72.37987996591187,750,750,24.24885868413932
trans_t3_a,ensemble_topfrac0.3_thresh5,3,5,0.09737313922433366,57.090683807097314,401,401,6.860109059738635
trans_t3_a,ensemble_topfrac0.3_thresh5,5,6,0.14967980240722098,78.71849507134189,491,491,7.425064010286105
trans_t3_a,ensemble_topfrac0.3_thresh5,6,7,0.3262705367578007,82.63897308459478,587,587,10.78298259742215
trans_t3_a,ensemble_topfrac0.3_thresh5,7,8,0.4715704469522754,71.19952837913615,694,694,17.056463491273465
