video,matcher,frame_start,frame_end,rotation_error_deg,translation_error_deg,num_matches,num_inliers,mean_reprojection_error_px
trans_t3_a,ensemble_topfrac0.2_thresh1,0,1,0.13109233046776614,7.328742964386573,64,64,58.7333523463837
trans_t3_a,ensemble_topfrac0.2_thresh1,1,2,0.14871992420182042,9.08975175143785,202,202,22.34704770242652
trans_t3_a,ensemble_topfrac0.2_thresh1,2,3,0.065865803366629,76.35431239230874,536,536,23.068122930567906
trans_t3_a,ensemble_topfrac0.2_thresh1,3,5,0.12083695528701652,56.66906127475925,271,271,6.334550216065122
trans_t3_a,ensemble_topfrac0.2_thresh1,5,6,0.14523206148508738,77.9886164635642,339,339,7.307708343118798
trans_t3_a,ensemble_topfrac0.2_thresh1,6,7,0.3323217173371195,82.3185148976014,406,406,10.67282625440606
trans_t3_a,ensemble_topfrac0.2_thresh1,7,8,0.4643422337999137,72.86809079314612,489,489,17.069376211714932
