video,matcher,frame_start,frame_end,rotation_error_deg,translation_error_deg,num_matches,num_inliers,mean_reprojection_error_px
cecum_t1_a,ensemble_topfrac0.3_thresh1,0,1,17.71557042152948,43.818349711991296,6,6,228.35391733962248
cecum_t1_a,ensemble_topfrac0.3_thresh1,1,2,2.895680042631561,30.650302285176288,40,40,20.634349746859705
cecum_t1_a,ensemble_topfrac0.3_thresh1,2,3,0.9000835349269767,74.00051918801199,96,96,28.595685697671474
cecum_t1_a,ensemble_topfrac0.3_thresh1,3,4,3.2174439654881497,61.24552993671223,117,117,24.683952086367363
cecum_t1_a,ensemble_topfrac0.3_thresh1,4,5,2.527277117489133,63.37919891488331,114,114,23.474890500703875
cecum_t1_a,ensemble_topfrac0.3_thresh1,5,6,0.1566268962260503,64.19145315734553,157,157,13.261380712564419
cecum_t1_a,ensemble_topfrac0.3_thresh1,6,8,68.82985169234614,16.28125175621482,6,6,12115.267555921562
cecum_t1_a,ensemble_topfrac0.3_thresh1,8,9,1.1775370588508294,56.763597341724335,42,42,45.85899157505672
