video,matcher,frame_start,frame_end,rotation_error_deg,translation_error_deg,num_matches,num_inliers,mean_reprojection_error_px
trans_t2_a,ensemble_topfrac0.5_thresh5,0,1,0.513066803673512,66.45651929589309,64,64,39.19191044509351
trans_t2_a,ensemble_topfrac0.5_thresh5,1,2,16.836984054558904,54.586135296806326,16,16,188.30638185856847
trans_t2_a,ensemble_topfrac0.5_thresh5,2,3,0.24961476858043236,59.59002785610592,131,131,37.829882770321895
trans_t2_a,ensemble_topfrac0.5_thresh5,3,4,0.0,27.465123343249036,1228,1228,26.53506111711835
trans_t2_a,ensemble_topfrac0.5_thresh5,4,5,0.06789004607810199,53.427497717763984,1261,1261,31.07027097791534
trans_t2_a,ensemble_topfrac0.5_thresh5,5,6,0.06099100219339429,78.94445264253767,1285,1285,32.7402049724032
