video,matcher,frame_start,frame_end,rotation_error_deg,translation_error_deg,num_matches,num_inliers,mean_reprojection_error_px
trans_t2_b,ensemble_topfrac0.3_thresh3,0,1,0.5018368594734453,89.56097498093828,111,111,43.66386048864018
trans_t2_b,ensemble_topfrac0.3_thresh3,1,2,1.87375029667664,80.78729841331985,15,15,34.24121174132737
trans_t2_b,ensemble_topfrac0.3_thresh3,2,3,5.199568302047472,80.19839318718842,27,27,84.32695039118087
