video,matcher,frame_start,frame_end,rotation_error_deg,translation_error_deg,num_matches,num_inliers,mean_reprojection_error_px
trans_t3_b,ensemble_topfrac0.7_thresh1,0,1,0.17195479661100627,70.27386824385044,284,284,40.038687224143494
trans_t3_b,ensemble_topfrac0.7_thresh1,1,2,0.19051644970331327,28.563625685780096,1246,1246,16.702613215799648
trans_t3_b,ensemble_topfrac0.7_thresh1,2,3,0.12743269233066368,29.025209764026034,1038,1038,6.633037699243031
trans_t3_b,ensemble_topfrac0.7_thresh1,3,4,0.10746447545252986,32.46575986962485,821,821,4.242731285431961
trans_t3_b,ensemble_topfrac0.7_thresh1,4,5,0.13604729281326725,29.76301469663421,934,934,5.856680831510526
trans_t3_b,ensemble_topfrac0.7_thresh1,5,6,0.13371030691464872,24.862222868876795,1113,1113,17.129022927514985
trans_t3_b,ensemble_topfrac0.7_thresh1,6,7,0.0,29.356187759435237,1507,1507,18.736515165676824
