video,matcher,frame_start,frame_end,rotation_error_deg,translation_error_deg,num_matches,num_inliers,mean_reprojection_error_px
trans_t3_b,ensemble_topfrac0.3_thresh5,0,1,0.18314536565021597,70.3124767070415,113,113,27.439342304759734
trans_t3_b,ensemble_topfrac0.3_thresh5,1,2,0.19856661895378483,41.290036220280705,500,500,22.712679580061547
trans_t3_b,ensemble_topfrac0.3_thresh5,2,3,0.13248656891575933,29.027703100332445,430,430,7.53610494158238
trans_t3_b,ensemble_topfrac0.3_thresh5,3,4,0.1405857332253734,34.862769814356525,339,339,4.492920849438788
trans_t3_b,ensemble_topfrac0.3_thresh5,4,5,0.11981902386194844,28.42256456666283,379,379,6.787480837942378
trans_t3_b,ensemble_topfrac0.3_thresh5,5,6,0.14405882363774408,20.8874415229613,451,451,15.671578875676587
trans_t3_b,ensemble_topfrac0.3_thresh5,6,7,0.0,38.003389468323356,591,591,18.495222253615818
