video,matcher,frame_start,frame_end,rotation_error_deg,translation_error_deg,num_matches,num_inliers,mean_reprojection_error_px
trans_t2_a,ensemble_topfrac0.5_thresh1,0,1,0.53443379860267,66.45073150406408,69,69,39.247722373107756
trans_t2_a,ensemble_topfrac0.5_thresh1,1,2,19.37146411900635,86.85517847751366,17,17,195.12695619127726
trans_t2_a,ensemble_topfrac0.5_thresh1,2,3,0.1996081707268876,59.39766839855316,138,138,36.402829237546044
trans_t2_a,ensemble_topfrac0.5_thresh1,3,4,0.0,32.18574617950477,1366,1366,29.46608416912213
trans_t2_a,ensemble_topfrac0.5_thresh1,4,5,0.06785343576231731,51.471263392791876,1407,1407,25.310114031005945
trans_t2_a,ensemble_topfrac0.5_thresh1,5,6,0.0575584630753852,66.62637507028849,1415,1415,30.657812646645493
