video,matcher,frame_start,frame_end,rotation_error_deg,translation_error_deg,num_matches,num_inliers,mean_reprojection_error_px
trans_t3_a,ensemble_topfrac0.5_thresh3,0,1,0.044186468508131585,7.00764856859137,160,160,60.64771229056602
trans_t3_a,ensemble_topfrac0.5_thresh3,1,2,0.1683839793413657,8.571549692120414,504,504,20.943529010294178
trans_t3_a,ensemble_topfrac0.5_thresh3,2,3,0.07641888535161677,72.68896909986941,1300,1300,23.764393286255448
trans_t3_a,ensemble_topfrac0.5_thresh3,3,5,0.15223611448810911,58.37032913635001,674,674,7.537493502411881
trans_t3_a,ensemble_topfrac0.5_thresh3,5,6,0.15463713949276328,78.78093364963601,837,837,7.425630551773443
trans_t3_a,ensemble_topfrac0.5_thresh3,6,7,0.6623929802355386,71.27949878843752,1000,1000,9.321048300274924
trans_t3_a,ensemble_topfrac0.5_thresh3,7,8,0.4107090253717517,73.31580340488757,1196,1196,12.33993291482089
