video,matcher,frame_start,frame_end,rotation_error_deg,translation_error_deg,num_matches,num_inliers,mean_reprojection_error_px
trans_t3_b,ensemble_topfrac0.2_thresh3,0,1,0.145170459941371,70.25591179374963,79,79,23.131115762652126
trans_t3_b,ensemble_topfrac0.2_thresh3,1,2,0.23498965508233946,34.41978225952094,351,351,20.93409973846802
trans_t3_b,ensemble_topfrac0.2_thresh3,2,3,0.10906354972312808,25.942278751274177,295,295,8.217234460649898
trans_t3_b,ensemble_topfrac0.2_thresh3,3,4,0.1510849202497723,34.72392566063116,235,235,5.02914074947847
trans_t3_b,ensemble_topfrac0.2_thresh3,4,5,0.13569873418549278,29.26243342433277,264,264,7.411450363642546
trans_t3_b,ensemble_topfrac0.2_thresh3,5,6,0.15114844867512697,20.472252111000007,314,314,17.67725119131707
trans_t3_b,ensemble_topfrac0.2_thresh3,6,7,0.009059502441197659,25.190906692306047,427,427,17.669461058297806
