video,matcher,frame_start,frame_end,rotation_error_deg,translation_error_deg,num_matches,num_inliers,mean_reprojection_error_px
trans_t3_b,ensemble_topfrac0.7_thresh3,0,1,0.17234104825076285,70.25398476609139,280,280,40.42655150069312
trans_t3_b,ensemble_topfrac0.7_thresh3,1,2,0.1921348069586021,28.804147424905015,1224,1224,17.456167748962685
trans_t3_b,ensemble_topfrac0.7_thresh3,2,3,0.13137480247001687,29.231835467950688,1021,1021,6.5504910981515545
trans_t3_b,ensemble_topfrac0.7_thresh3,3,4,0.10063563672425568,33.817012656409965,817,817,4.241722634166775
trans_t3_b,ensemble_topfrac0.7_thresh3,4,5,0.11941423789328336,28.465265406547193,924,924,5.949107337583201
trans_t3_b,ensemble_topfrac0.7_thresh3,5,6,0.13267092596745417,23.276522100405106,1094,1094,14.325401468930288
trans_t3_b,ensemble_topfrac0.7_thresh3,6,7,0.0,32.241570570106965,1464,1464,18.84371107760188
