video,matcher,frame_start,frame_end,rotation_error_deg,translation_error_deg,num_matches,num_inliers,mean_reprojection_error_px
cecum_t1_a,ensemble_topfrac0.2_thresh1,0,2,69.23819162661302,78.02621760970875,7,7,1379.461302794611
cecum_t1_a,ensemble_topfrac0.2_thresh1,2,3,0.9272730075743527,75.08022501575432,64,64,31.00863652250034
cecum_t1_a,ensemble_topfrac0.2_thresh1,3,4,3.490421853676967,67.28083954431612,77,77,22.21847543001517
cecum_t1_a,ensemble_topfrac0.2_thresh1,4,5,2.565194521025089,62.122357894907935,75,75,23.570175815185507
cecum_t1_a,ensemble_topfrac0.2_thresh1,5,6,0.1831288036269773,65.48307369405599,104,104,13.755441655184907
cecum_t1_a,ensemble_topfrac0.2_thresh1,6,9,19.724543668278827,33.428964154079246,12,12,120.96242339963317
