video,matcher,frame_start,frame_end,rotation_error_deg,translation_error_deg,num_matches,num_inliers,mean_reprojection_error_px
trans_t3_b,ensemble_topfrac0.2_thresh1,0,1,0.14277530933185537,70.28512574860723,80,80,22.92744910841916
trans_t3_b,ensemble_topfrac0.2_thresh1,1,2,0.23491959306879712,34.60709227013321,356,356,20.94053841732948
trans_t3_b,ensemble_topfrac0.2_thresh1,2,3,0.1097323851928954,26.00919162500835,296,296,8.250123257092781
trans_t3_b,ensemble_topfrac0.2_thresh1,3,4,0.1510849202497723,34.72392566063116,235,235,5.02914074947847
trans_t3_b,ensemble_topfrac0.2_thresh1,4,5,0.13496039885531574,29.24880475600224,266,266,7.402669099079046
trans_t3_b,ensemble_topfrac0.2_thresh1,5,6,0.14559927128796318,24.473269689179386,317,317,20.379716001681178
trans_t3_b,ensemble_topfrac0.2_thresh1,6,7,0.012809765740315315,29.59680339049463,430,430,17.361499928771252
