video,matcher,frame_start,frame_end,rotation_error_deg,translation_error_deg,num_matches,num_inliers,mean_reprojection_error_px
trans_t2_a,ensemble_topfrac0.3_thresh3,0,1,0.19971579373039772,68.01223972542462,40,40,42.296858798111586
trans_t2_a,ensemble_topfrac0.3_thresh3,1,2,62.514104068281114,26.352950198531136,9,9,1051.19493031681
trans_t2_a,ensemble_topfrac0.3_thresh3,2,3,0.22990590960465265,59.44064728656044,81,81,37.6537448090053
trans_t2_a,ensemble_topfrac0.3_thresh3,3,4,0.0,30.036895687082126,800,800,28.409928458333464
trans_t2_a,ensemble_topfrac0.3_thresh3,4,5,0.06824754281371832,33.370388029043404,824,824,27.374474715440325
trans_t2_a,ensemble_topfrac0.3_thresh3,5,6,0.058197256212110214,81.47525276383199,836,836,32.95048091481723
