video,matcher,frame_start,frame_end,rotation_error_deg,translation_error_deg,num_matches,num_inliers,mean_reprojection_error_px
cecum_t1_a,ensemble_topfrac0.5_thresh1,0,1,2.3043706784708498,26.276636490742003,12,12,98.23944093367128
cecum_t1_a,ensemble_topfrac0.5_thresh1,1,2,2.654159463472497,27.87820023375056,68,68,19.70403055768021
cecum_t1_a,ensemble_topfrac0.5_thresh1,2,3,0.9094276845662501,69.2302208125222,162,162,25.002287409892027
cecum_t1_a,ensemble_topfrac0.5_thresh1,3,4,2.7827868187659157,56.906367927057595,196,196,23.26599660292356
cecum_t1_a,ensemble_topfrac0.5_thresh1,4,5,2.4243924057765613,64.27809273131646,191,191,24.16712033789324
cecum_t1_a,ensemble_topfrac0.5_thresh1,5,6,0.23677464692820024,62.38334878312212,263,263,12.30567727742996
cecum_t1_a,ensemble_topfrac0.5_thresh1,6,8,24.002658390786337,31.809399178802963,11,11,97.21236190882146
cecum_t1_a,ensemble_topfrac0.5_thresh1,8,9,1.3635453363638064,59.618684881893486,72,72,47.189785631409045
