video,matcher,frame_start,frame_end,rotation_error_deg,translation_error_deg,num_matches,num_inliers,mean_reprojection_error_px
trans_t2_c,ensemble_topfrac0.5_thresh3,0,1,0.29918056861504355,44.47454733544621,202,202,26.782389821796244
trans_t2_c,ensemble_topfrac0.5_thresh3,1,2,0.34887182990294974,44.06444212513265,434,434,3.4615682516813533
trans_t2_c,ensemble_topfrac0.5_thresh3,2,3,0.1342950641830205,82.4701257200435,537,537,3.9723279166573384
trans_t2_c,ensemble_topfrac0.5_thresh3,3,4,1.0125074111974057,71.77158275158271,305,305,11.486738395932997
trans_t2_c,ensemble_topfrac0.5_thresh3,4,5,0.5171654726414386,80.4257835847447,310,310,18.660387182550256
trans_t2_c,ensemble_topfrac0.5_thresh3,5,6,0.337241439856107,65.47265245320628,354,354,5.662758614626999
trans_t2_c,ensemble_topfrac0.5_thresh3,6,7,0.1657765356656184,60.423317435387546,649,649,9.903936308644115
