video,matcher,frame_start,frame_end,rotation_error_deg,translation_error_deg,num_matches,num_inliers,mean_reprojection_error_px
trans_t3_b,ensemble_topfrac0.7_thresh5,0,1,0.18094404564880126,70.22280372824798,266,266,39.80611260510991
trans_t3_b,ensemble_topfrac0.7_thresh5,1,2,0.18105185713802727,45.29598609004607,1125,1125,20.65282892506166
trans_t3_b,ensemble_topfrac0.7_thresh5,2,3,0.13405762969011883,29.273675368693183,962,962,6.617675552595835
trans_t3_b,ensemble_topfrac0.7_thresh5,3,4,0.10042963850816651,32.42025874545913,770,770,4.195315295868144
trans_t3_b,ensemble_topfrac0.7_thresh5,4,5,0.12038807977963714,28.522540742456126,861,861,6.040408411264881
trans_t3_b,ensemble_topfrac0.7_thresh5,5,6,0.13374810220061903,21.030863630845474,1004,1004,13.237477993509692
trans_t3_b,ensemble_topfrac0.7_thresh5,6,7,0.0,34.690843989672125,1302,1302,18.628766713456987
