video,matcher,frame_start,frame_end,rotation_error_deg,translation_error_deg,num_matches,num_inliers,mean_reprojection_error_px
trans_t3_a,ensemble_topfrac0.7_thresh5,0,1,0.15252294125004953,6.195258532561922,213,213,61.563746551112054
trans_t3_a,ensemble_topfrac0.7_thresh5,1,2,0.14533417759449577,8.674793867162894,662,662,20.51532246265717
trans_t3_a,ensemble_topfrac0.7_thresh5,2,3,0.07482937610663082,71.9407361947358,1631,1631,22.96404421103266
trans_t3_a,ensemble_topfrac0.7_thresh5,3,5,0.15491398899509945,58.34298695191101,881,881,7.973241430198871
trans_t3_a,ensemble_topfrac0.7_thresh5,5,6,0.18661805507998847,79.64532635710658,1065,1065,7.730317678304035
trans_t3_a,ensemble_topfrac0.7_thresh5,6,7,0.18537065830092386,87.89411647273461,1244,1244,12.10751949365723
trans_t3_a,ensemble_topfrac0.7_thresh5,7,8,0.14707196940858835,74.21768653610519,1453,1453,16.74715089169676
