video,matcher,frame_start,frame_end,rotation_error_deg,translation_error_deg,num_matches,num_inliers,mean_reprojection_error_px
trans_t3_b,ensemble_topfrac0.5_thresh1,0,1,0.18774469405630237,70.41140485419002,203,203,36.18414634076124
trans_t3_b,ensemble_topfrac0.5_thresh1,1,2,0.2072622640134014,57.29910806025376,890,890,24.26257999097146
trans_t3_b,ensemble_topfrac0.5_thresh1,2,3,0.13586567851880632,29.33960138907709,742,742,6.908310223318449
trans_t3_b,ensemble_topfrac0.5_thresh1,3,4,0.10811187352042793,34.16850117692042,587,587,4.16878366128547
trans_t3_b,ensemble_topfrac0.5_thresh1,4,5,0.1503589599119958,30.669064595055058,667,667,5.78652580735947
trans_t3_b,ensemble_topfrac0.5_thresh1,5,6,0.1377615826718518,20.849717517242887,795,795,14.45528897560211
trans_t3_b,ensemble_topfrac0.5_thresh1,6,7,0.0,27.476639152061914,1077,1077,17.749304611164394
