video,matcher,frame_start,frame_end,rotation_error_deg,translation_error_deg,num_matches,num_inliers,mean_reprojection_error_px
cecum_t1_a,ensemble_topfrac0.7_thresh1,0,1,2.356931833407017,26.46859352691846,17,17,94.96634680647813
cecum_t1_a,ensemble_topfrac0.7_thresh1,1,2,2.9010920951055725,29.9736621730295,96,96,20.441753082374007
cecum_t1_a,ensemble_topfrac0.7_thresh1,2,3,1.0832771875144613,70.25872089348525,226,226,24.30619673826912
cecum_t1_a,ensemble_topfrac0.7_thresh1,3,4,3.132257901821002,60.300898187976586,273,273,20.79615757753
cecum_t1_a,ensemble_topfrac0.7_thresh1,4,5,2.539027965188946,63.93033462323091,267,267,22.332833904251057
cecum_t1_a,ensemble_topfrac0.7_thresh1,5,6,0.28355076406906377,61.18424650391612,370,370,11.755858230731114
cecum_t1_a,ensemble_topfrac0.7_thresh1,6,8,25.37572757895883,32.64519883080992,15,15,127.31753553039894
cecum_t1_a,ensemble_topfrac0.7_thresh1,8,9,1.3185626507360446,58.26954477354119,101,101,46.90159973186725
