video,matcher,frame_start,frame_end,rotation_error_deg,translation_error_deg,num_matches,num_inliers,mean_reprojection_error_px
cecum_t1_a,ensemble_topfrac0.5_thresh5,0,1,2.3043706784708498,26.276636490742003,12,12,98.23944093367128
cecum_t1_a,ensemble_topfrac0.5_thresh5,1,2,2.553543001842652,26.22921161686143,67,67,20.32196150715864
cecum_t1_a,ensemble_topfrac0.5_thresh5,2,3,0.911693103045324,68.46860038808234,151,151,24.893195155004335
cecum_t1_a,ensemble_topfrac0.5_thresh5,3,4,3.008033335841262,58.96427635466789,176,176,22.68483277556498
cecum_t1_a,ensemble_topfrac0.5_thresh5,4,5,2.475034768190279,63.91894344081581,177,177,23.80304623686775
cecum_t1_a,ensemble_topfrac0.5_thresh5,5,6,0.26237467127294917,61.88135747839998,246,246,12.100937548362324
cecum_t1_a,ensemble_topfrac0.5_thresh5,6,8,24.002658390786337,31.809399178802963,11,11,97.21236190882146
cecum_t1_a,ensemble_topfrac0.5_thresh5,8,9,1.2801415218157526,58.413415379274376,70,70,46.18189127493463
