video,matcher,frame_start,frame_end,rotation_error_deg,translation_error_deg,num_matches,num_inliers,mean_reprojection_error_px
trans_t3_b,ensemble_topfrac0.3_thresh1,0,1,0.1717413913581419,70.36753052176567,120,120,27.455683967505934
trans_t3_b,ensemble_topfrac0.3_thresh1,1,3,0.06302503043513333,28.245205458078324,407,407,7.05521904599091
trans_t3_b,ensemble_topfrac0.3_thresh1,3,4,0.14397295154220668,34.79304226873299,352,352,4.4192785273261865
trans_t3_b,ensemble_topfrac0.3_thresh1,4,5,0.15293068046275013,30.643782425508835,399,399,6.452366573414625
trans_t3_b,ensemble_topfrac0.3_thresh1,5,6,0.14080639486585536,20.853881792534118,475,475,15.769192155714178
trans_t3_b,ensemble_topfrac0.3_thresh1,6,7,0.0,29.330100972712366,645,645,17.339090629784558
