video,matcher,frame_start,frame_end,rotation_error_deg,translation_error_deg,num_matches,num_inliers,mean_reprojection_error_px
trans_t3_a,ensemble_topfrac0.5_thresh1,0,1,0.04169580576553862,6.998073220879349,161,161,60.3138316671592
trans_t3_a,ensemble_topfrac0.5_thresh1,1,2,0.1688651624945631,8.562795059471807,507,507,20.92265324558067
trans_t3_a,ensemble_topfrac0.5_thresh1,2,3,0.17059651646569393,74.2317143900367,1340,1340,19.335943313125853
trans_t3_a,ensemble_topfrac0.5_thresh1,3,5,0.15345538149600255,58.395539789329135,681,681,7.557199346037354
trans_t3_a,ensemble_topfrac0.5_thresh1,5,6,0.15034804515413594,78.73426706183399,853,853,7.480510220718805
trans_t3_a,ensemble_topfrac0.5_thresh1,6,7,0.18716285648266057,87.78470930289718,1017,1017,12.156111236258262
trans_t3_a,ensemble_topfrac0.5_thresh1,7,8,0.4917664503818792,64.847873368,1224,1224,12.507647743094356
