video,matcher,frame_start,frame_end,rotation_error_deg,translation_error_deg,num_matches,num_inliers,mean_reprojection_error_px
cecum_t1_a,ensemble_topfrac0.7_thresh3,0,1,2.356931833407017,26.46859352691846,17,17,94.96634680647813
cecum_t1_a,ensemble_topfrac0.7_thresh3,1,2,2.9010920951055725,29.9736621730295,96,96,20.441753082374007
cecum_t1_a,ensemble_topfrac0.7_thresh3,2,3,1.0946488020580374,70.28893842000869,224,224,24.345465813210364
cecum_t1_a,ensemble_topfrac0.7_thresh3,3,4,3.150229404685464,60.4046655583152,264,264,20.832445023081046
cecum_t1_a,ensemble_topfrac0.7_thresh3,4,5,2.5397742731145234,64.02517555559632,263,263,22.31734839246537
cecum_t1_a,ensemble_topfrac0.7_thresh3,5,6,0.2939427385369949,61.15314869686501,363,363,11.678466857022807
cecum_t1_a,ensemble_topfrac0.7_thresh3,6,8,25.37572757895883,32.64519883080992,15,15,127.31753553039894
cecum_t1_a,ensemble_topfrac0.7_thresh3,8,9,1.4241152135183783,58.08737389511069,100,100,47.57598653171057
